/*
Navicat MySQL Data Transfer

Source Server         : MySql
Source Server Version : 50528
Source Host           : localhost:3306
Source Database       : test

Target Server Type    : MYSQL
Target Server Version : 50528
File Encoding         : 65001

Date: 2016-02-25 18:03:50
*/

SET FOREIGN_KEY_CHECKS=0;

-- ----------------------------
-- Table structure for t_permission
-- ----------------------------
DROP TABLE IF EXISTS `t_permission`;
CREATE TABLE `t_permission` (
  `id` int(11) NOT NULL AUTO_INCREMENT,
  `permissionname` varchar(50) DEFAULT NULL,
  `role_id` int(11) DEFAULT NULL,
  PRIMARY KEY (`id`),
  KEY `FOREIGNKEY_role11` (`role_id`),
  CONSTRAINT `FOREIGNKEY_role11` FOREIGN KEY (`role_id`) REFERENCES `t_role` (`id`)
) ENGINE=InnoDB AUTO_INCREMENT=5 DEFAULT CHARSET=utf8;

-- ----------------------------
-- Records of t_permission
-- ----------------------------
INSERT INTO `t_permission` VALUES ('1', 'add', '2');
INSERT INTO `t_permission` VALUES ('2', 'del', '1');
INSERT INTO `t_permission` VALUES ('3', 'update', '2');
INSERT INTO `t_permission` VALUES ('4', 'query', '3');

-- ----------------------------
-- Table structure for t_role
-- ----------------------------
DROP TABLE IF EXISTS `t_role`;
CREATE TABLE `t_role` (
  `id` int(11) NOT NULL AUTO_INCREMENT,
  `rolename` varchar(50) DEFAULT NULL,
  PRIMARY KEY (`id`)
) ENGINE=InnoDB AUTO_INCREMENT=4 DEFAULT CHARSET=utf8;

-- ----------------------------
-- Records of t_role
-- ----------------------------
INSERT INTO `t_role` VALUES ('1', 'admin');
INSERT INTO `t_role` VALUES ('2', 'manager');
INSERT INTO `t_role` VALUES ('3', 'normal');

-- ----------------------------
-- Table structure for t_user
-- ----------------------------
DROP TABLE IF EXISTS `t_user`;
CREATE TABLE `t_user` (
  `id` int(11) NOT NULL AUTO_INCREMENT,
  `username` varchar(50) NOT NULL,
  `password` varchar(50) NOT NULL,
  PRIMARY KEY (`id`)
) ENGINE=InnoDB AUTO_INCREMENT=4 DEFAULT CHARSET=utf8;

-- ----------------------------
-- Records of t_user
-- ----------------------------
INSERT INTO `t_user` VALUES ('1', 'tom', '000000');
INSERT INTO `t_user` VALUES ('2', 'jack', '000000');
INSERT INTO `t_user` VALUES ('3', 'rose', '000000');

-- ----------------------------
-- Table structure for t_user_role
-- ----------------------------
DROP TABLE IF EXISTS `t_user_role`;
CREATE TABLE `t_user_role` (
  `user_id` int(11) NOT NULL,
  `role_id` int(11) NOT NULL,
  PRIMARY KEY (`user_id`,`role_id`),
  KEY `FOREIGNKEY_role` (`role_id`),
  CONSTRAINT `FOREIGNKEY_role` FOREIGN KEY (`role_id`) REFERENCES `t_role` (`id`),
  CONSTRAINT `FOREIGNKEY_user` FOREIGN KEY (`user_id`) REFERENCES `t_user` (`id`)
) ENGINE=InnoDB DEFAULT CHARSET=utf8;

-- ----------------------------
-- Records of t_user_role
-- ----------------------------
INSERT INTO `t_user_role` VALUES ('1', '1');
INSERT INTO `t_user_role` VALUES ('2', '2');
INSERT INTO `t_user_role` VALUES ('1', '3');
INSERT INTO `t_user_role` VALUES ('2', '3');
INSERT INTO `t_user_role` VALUES ('3', '3');

-- ----------------------------
-- Table structure for user
-- ----------------------------
DROP TABLE IF EXISTS `user`;
CREATE TABLE `user` (
  `userId` int(11) NOT NULL AUTO_INCREMENT,
  `userName` varchar(16) NOT NULL,
  `password` varchar(16) NOT NULL,
  `gender` int(11) NOT NULL,
  PRIMARY KEY (`userId`)
) ENGINE=InnoDB AUTO_INCREMENT=2 DEFAULT CHARSET=utf8;

-- ----------------------------
-- Records of user
-- ----------------------------
INSERT INTO `user` VALUES ('1', 'xx', 'qq', '2');
